Pokemon,Nat,Variant,Type 1,Type 2,Endurance,Attack,Defense,Special,Spc Defense,Speed,Baby Skill,Adult Skill,Skill 1,Skill 2,Skill 3,Skill 4,Favored Move,Birth Ability,Willpower,Intelligence,Aggression,Perception,Charm,Energy,FamilyID,Stage
Bulbasaur,1,0,4,8,4,4,4,6,6,4,1,2,3,4,5,6,3,0,1,1,0,0,0,0,1,1
Ivysaur,2,0,4,8,5,5,6,7,7,5,1,2,3,4,5,6,3,0,1,1,0,0,0,0,1,2
Venusaur,3,0,4,8,7,7,7,8,8,7,1,2,3,4,5,6,3,0,1,1,0,0,0,0,1,3
Charmander,4,0,2,0,4,5,4,5,4,6,1,2,3,4,5,6,3,0,1,1,0,0,0,0,2,1
Charmeleon,5,0,2,0,5,6,5,7,6,7,1,2,3,4,5,6,3,0,1,1,0,0,0,0,2,2
Charizard,6,0,2,6,7,7,7,9,7,8,1,2,3,4,5,6,3,0,1,1,0,0,0,0,2,3
Squirtle,7,0,3,0,4,4,6,5,5,4,1,2,3,4,5,6,3,0,1,1,0,0,0,0,,
Wartortle,8,0,3,0,5,6,7,6,7,5,1,2,3,4,5,6,3,0,1,1,0,0,0,0,,
Blastoise,9,0,3,0,7,7,8,7,9,7,1,2,3,4,5,6,3,0,1,1,0,0,0,0,,
Caterpie,10,0,7,0,4,3,3,2,2,4,1,2,3,4,5,6,3,0,1,1,0,0,0,0,,
Metapod,11,0,7,0,4,2,5,2,2,3,1,2,3,4,5,6,3,0,1,1,0,0,0,0,,
Butterfree,12,0,7,6,5,4,4,8,7,6,1,2,3,4,5,6,3,0,1,1,0,0,0,0,,
Weedle,13,0,7,8,4,3,3,2,2,4,1,2,3,4,5,6,3,0,1,1,0,0,0,0,,
Kakuna,14,0,7,8,4,2,4,2,2,3,1,2,3,4,5,6,3,0,1,1,0,0,0,0,,
Beedrill,15,0,7,8,6,7,4,4,7,6,1,2,3,4,5,6,3,0,1,1,0,0,0,0,,
Pidgey,16,0,1,6,4,4,4,3,3,5,1,2,3,4,5,6,3,0,1,1,0,0,0,0,,
Pidgeotto,17,0,1,6,6,5,5,4,4,6,1,2,3,4,5,6,3,0,1,1,0,0,0,0,,
Pidgeot,18,0,1,6,7,7,6,6,6,9,1,2,3,4,5,6,3,0,1,1,0,0,0,0,,
Rattata,19,0,1,0,3,5,3,2,3,6,1,2,3,4,5,6,3,0,1,1,0,0,0,0,,
Raticate,20,0,1,0,5,7,5,4,6,8,1,2,3,4,5,6,3,0,1,1,0,0,0,0,,
Spearow,21,0,1,6,4,5,3,3,3,6,1,2,3,4,5,6,3,0,1,1,0,0,0,0,,
Fearow,22,0,1,6,6,8,6,5,5,8,1,2,3,4,5,6,3,0,1,1,0,0,0,0,,
Ekans,23,0,8,0,3,5,4,4,5,5,1,2,3,4,5,6,3,0,1,1,0,0,0,0,,
Arbok,24,0,8,0,5,7,6,6,7,7,1,2,3,4,5,6,3,0,1,1,0,0,0,0,,
Pikachu,25,0,5,0,3,5,4,4,4,8,1,2,3,4,5,6,3,0,1,1,0,0,0,0,,
Raichu,26,0,5,0,5,8,5,8,7,9,1,2,3,4,5,6,3,0,1,1,0,0,0,0,,
Sandshrew,27,0,9,0,4,6,7,2,3,4,1,2,3,4,5,6,3,0,1,1,0,0,0,0,,
Sandslash,28,0,9,0,6,8,9,4,5,6,1,2,3,4,5,6,3,0,1,1,0,0,0,0,,
Nidoran (?),29,0,8,0,5,4,5,4,4,4,1,2,3,4,5,6,3,0,1,1,0,0,0,0,,
Nidorina,30,0,8,0,6,5,6,5,5,5,1,2,3,4,5,6,3,0,1,1,0,0,0,0,,
Nidoqueen,31,0,8,9,8,8,7,6,7,7,1,2,3,4,5,6,3,0,1,1,0,0,0,0,,
Nidoran (?),32,0,8,0,4,5,4,4,4,4,1,2,3,4,5,6,3,0,1,1,0,0,0,0,,
Nidorino,33,0,8,0,5,6,5,5,5,6,1,2,3,4,5,6,3,0,1,1,0,0,0,0,,
Nidoking,34,0,8,9,7,9,7,7,6,7,1,2,3,4,5,6,3,0,1,1,0,0,0,0,,
Clefairy,35,0,1,0,6,4,4,5,6,3,1,2,3,4,5,6,3,0,1,1,0,0,0,0,,
Clefable,36,0,1,0,8,6,6,8,8,5,1,2,3,4,5,6,3,0,1,1,0,0,0,0,,
Vulpix,37,0,2,0,4,4,4,4,6,6,1,2,3,4,5,6,3,0,1,1,0,0,0,0,,
Ninetales,38,0,2,0,6,7,6,7,8,8,1,2,3,4,5,6,3,0,1,1,0,0,0,0,,
Jigglypuff,39,0,1,0,10,4,2,4,2,2,1,2,3,4,5,6,3,0,1,1,0,0,0,0,,
Wigglytuff,40,0,1,0,12,6,4,7,4,4,1,2,3,4,5,6,3,0,1,1,0,0,0,0,,
Zubat,41,0,8,6,4,4,3,3,4,5,1,2,3,4,5,6,3,0,1,1,0,0,0,0,,
Golbat,42,0,8,6,6,7,6,6,6,8,1,2,3,4,5,6,3,0,1,1,0,0,0,0,,
Oddish,43,0,4,8,4,4,5,6,6,3,1,2,3,4,5,6,3,0,1,1,0,0,0,0,,
Gloom,44,0,4,8,5,6,6,7,6,4,1,2,3,4,5,6,3,0,1,1,0,0,0,0,,
Vileplume,45,0,4,8,6,7,7,9,8,4,1,2,3,4,5,6,3,0,1,1,0,0,0,0,,
Paras,46,0,7,4,3,6,5,4,5,2,1,2,3,4,5,6,3,0,1,1,0,0,0,0,,
Parasect,47,0,7,4,5,8,7,5,7,3,1,2,3,4,5,6,3,0,1,1,0,0,0,0,,
Venonat,48,0,7,8,5,5,4,4,5,4,1,2,3,4,5,6,3,0,1,1,0,0,0,0,,
Venomoth,49,0,7,8,6,6,5,8,6,8,1,2,3,4,5,6,3,0,1,1,0,0,0,0,,
Diglett,50,0,9,0,1,5,2,3,4,8,1,2,3,4,5,6,3,0,1,1,0,0,0,0,,
Dugtrio,51,0,9,0,3,7,4,4,6,10,1,2,3,4,5,6,3,0,1,1,0,0,0,0,,
Meowth,52,0,1,0,4,4,3,4,4,8,1,2,3,4,5,6,3,0,1,1,0,0,0,0,,
Persian,53,0,1,0,6,6,5,6,6,10,1,2,3,4,5,6,3,0,1,1,0,0,0,0,,
Psyduck,54,0,3,0,4,5,4,6,4,5,1,2,3,4,5,6,3,0,1,1,0,0,0,0,,
Golduck,55,0,3,0,7,7,7,8,7,7,1,2,3,4,5,6,3,0,1,1,0,0,0,0,,
Mankey,56,0,11,0,4,7,3,3,4,6,1,2,3,4,5,6,3,0,1,1,0,0,0,0,,
Primeape,57,0,11,0,6,9,5,5,6,8,1,2,3,4,5,6,3,0,1,1,0,0,0,0,,
Growlithe,58,0,2,0,5,6,4,6,4,5,1,2,3,4,5,6,3,0,1,1,0,0,0,0,,
Arcanine,59,0,2,0,8,9,7,8,7,8,1,2,3,4,5,6,3,0,1,1,0,0,0,0,,
Poliwag,60,0,3,0,4,4,4,4,4,8,1,2,3,4,5,6,3,0,1,1,0,0,0,0,,
Poliwhirl,61,0,3,0,6,6,6,4,4,8,1,2,3,4,5,6,3,0,1,1,0,0,0,0,,
Poliwrath,62,0,3,11,8,8,8,6,8,6,1,2,3,4,5,6,3,0,1,1,0,0,0,0,,
Abra,63,0,12,0,2,2,2,9,5,8,1,2,3,4,5,6,3,0,1,1,0,0,0,0,,
Kadabra,64,0,12,0,4,3,3,10,6,9,1,2,3,4,5,6,3,0,1,1,0,0,0,0,,
Alakazam,65,0,12,0,5,4,4,11,8,10,1,2,3,4,5,6,3,0,1,1,0,0,0,0,,
Machop,66,0,11,0,6,7,4,3,3,3,1,2,3,4,5,6,3,0,1,1,0,0,0,0,,
Machoke,67,0,11,0,7,8,6,4,5,4,1,2,3,4,5,6,3,0,1,1,0,0,0,0,,
Machamp,68,0,11,0,8,11,7,6,7,5,1,2,3,4,5,6,3,0,1,1,0,0,0,0,,
Bellsprout,69,0,4,8,4,6,3,6,3,4,1,2,3,4,5,6,3,0,1,1,0,0,0,0,,
Weepinbell,70,0,4,8,6,8,4,7,4,5,1,2,3,4,5,6,3,0,1,1,0,0,0,0,,
Victreebel,71,0,4,8,7,9,6,8,6,6,1,2,3,4,5,6,3,0,1,1,0,0,0,0,,
Tentacool,72,0,3,8,4,4,3,4,8,6,1,2,3,4,5,6,3,0,1,1,0,0,0,0,,
Tentacruel,73,0,3,8,7,6,6,7,10,8,1,2,3,4,5,6,3,0,1,1,0,0,0,0,,
Geodude,74,0,10,9,4,7,8,3,3,2,1,2,3,4,5,6,3,0,1,1,0,0,0,0,,
Graveler,75,0,10,9,5,8,10,4,4,3,1,2,3,4,5,6,3,0,1,1,0,0,0,0,,
Golem,76,0,10,9,7,10,11,5,6,4,1,2,3,4,5,6,3,0,1,1,0,0,0,0,,
Ponyta,77,0,2,0,4,7,5,6,6,8,1,2,3,4,5,6,3,0,1,1,0,0,0,0,,
Rapidash,78,0,2,0,6,8,6,7,7,9,1,2,3,4,5,6,3,0,1,1,0,0,0,0,,
Slowpoke,79,0,3,12,8,6,6,4,4,2,1,2,3,4,5,6,3,0,1,1,0,0,0,0,,
Slowbro,80,0,3,12,8,6,9,8,7,3,1,2,3,4,5,6,3,0,1,1,0,0,0,0,,
Magnemite,81,0,5,17,2,3,6,8,5,4,1,2,3,4,5,6,3,0,1,1,0,0,0,0,,
Magneton,82,0,5,17,4,5,8,10,6,6,1,2,3,4,5,6,3,0,1,1,0,0,0,0,,
Farfetch'd,83,0,1,6,5,6,5,5,5,5,1,2,3,4,5,6,3,0,1,1,0,0,0,0,,
Doduo,84,0,1,6,3,7,4,3,3,6,1,2,3,4,5,6,3,0,1,1,0,0,0,0,,
Dodrio,85,0,1,6,5,9,6,5,5,8,1,2,3,4,5,6,3,0,1,1,0,0,0,0,,
Seel,86,0,3,0,6,4,5,4,6,4,1,2,3,4,5,6,3,0,1,1,0,0,0,0,,
Dewgong,87,0,3,16,8,6,7,6,8,6,1,2,3,4,5,6,3,0,1,1,0,0,0,0,,
Grimer,88,0,8,0,7,7,4,4,4,2,1,2,3,4,5,6,3,0,1,1,0,0,0,0,,
Muk,89,0,8,0,9,9,6,6,8,4,1,2,3,4,5,6,3,0,1,1,0,0,0,0,,
Shellder,90,0,3,0,3,6,8,4,2,4,1,2,3,4,5,6,3,0,1,1,0,0,0,0,,
Cloyster,91,0,3,16,4,8,15,7,4,6,1,2,3,4,5,6,3,0,1,1,0,0,0,0,,
Gastly,92,0,13,8,3,3,3,8,3,7,1,2,3,4,5,6,3,0,1,1,0,0,0,0,,
Haunter,93,0,13,8,4,4,4,10,5,8,1,2,3,4,5,6,3,0,1,1,0,0,0,0,,
Gengar,94,0,13,8,5,6,5,11,6,9,1,2,3,4,5,6,3,0,1,1,0,0,0,0,,
Onix,95,0,10,9,3,4,13,3,4,6,1,2,3,4,5,6,3,0,1,1,0,0,0,0,,
Drowzee,96,0,12,0,5,4,4,4,8,4,1,2,3,4,5,6,3,0,1,1,0,0,0,0,,
Hypno,97,0,12,0,7,6,6,6,10,6,1,2,3,4,5,6,3,0,1,1,0,0,0,0,,
Krabby,98,0,3,0,3,9,8,2,2,4,1,2,3,4,5,6,3,0,1,1,0,0,0,0,,
Kingler,99,0,3,0,5,11,10,4,4,6,1,2,3,4,5,6,3,0,1,1,0,0,0,0,,
Voltorb,100,0,5,0,4,3,4,5,5,8,1,2,3,4,5,6,3,0,1,1,0,0,0,0,,
Electrode,101,0,5,0,5,4,6,7,7,12,1,2,3,4,5,6,3,0,1,1,0,0,0,0,,
Exeggcute,102,0,4,12,5,4,7,5,4,4,1,2,3,4,5,6,3,0,1,1,0,0,0,0,,
Exeggutor,103,0,4,12,8,8,7,10,6,5,1,2,3,4,5,6,3,0,1,1,0,0,0,0,,
Cubone,104,0,9,0,4,4,8,4,4,3,1,2,3,4,5,6,3,0,1,1,0,0,0,0,,
Marowak,105,0,9,0,5,7,9,4,7,4,1,2,3,4,5,6,3,0,1,1,0,0,0,0,,
Hitmonlee,106,0,11,0,4,10,5,3,9,7,1,2,3,4,5,6,3,0,1,1,0,0,0,0,,
Hitmonchan,107,0,11,0,4,9,7,3,9,7,1,2,3,4,5,6,3,0,1,1,0,0,0,0,,
Lickitung,108,0,1,0,8,5,6,5,6,3,1,2,3,4,5,6,3,0,1,1,0,0,0,0,,
Koffing,109,0,8,0,4,6,8,5,4,3,1,2,3,4,5,6,3,0,1,1,0,0,0,0,,
Weezing,110,0,8,0,6,8,10,7,6,5,1,2,3,4,5,6,3,0,1,1,0,0,0,0,,
Rhyhorn,111,0,9,10,7,7,8,3,3,2,1,2,3,4,5,6,3,0,1,1,0,0,0,0,,
Rhydon,112,0,9,10,9,11,10,4,4,4,1,2,3,4,5,6,3,0,1,1,0,0,0,0,,
Chansey,113,0,1,0,20,1,1,3,9,4,1,2,3,4,5,6,3,0,1,1,0,0,0,0,,
Tangela,114,0,4,0,6,5,10,8,4,5,1,2,3,4,5,6,3,0,1,1,0,0,0,0,,
Kangaskhan,115,0,1,0,9,8,7,4,7,8,1,2,3,4,5,6,3,0,1,1,0,0,0,0,,
Horsea,116,0,3,0,3,4,6,6,2,5,1,2,3,4,5,6,3,0,1,1,0,0,0,0,,
Seadra,117,0,3,0,5,6,8,8,4,7,1,2,3,4,5,6,3,0,1,1,0,0,0,0,,
Goldeen,118,0,3,0,4,6,5,3,4,6,1,2,3,4,5,6,3,0,1,1,0,0,0,0,,
Seaking,119,0,3,0,7,8,6,6,7,6,1,2,3,4,5,6,3,0,1,1,0,0,0,0,,
Staryu,120,0,3,0,3,4,5,6,5,7,1,2,3,4,5,6,3,0,1,1,0,0,0,0,,
Starmie,121,0,3,12,5,6,7,8,7,10,1,2,3,4,5,6,3,0,1,1,0,0,0,0,,
Mr. Mime,122,0,12,0,4,4,6,8,10,8,1,2,3,4,5,6,3,0,1,1,0,0,0,0,,
Scyther,123,0,7,6,6,9,7,5,7,9,1,2,3,4,5,6,3,0,1,1,0,0,0,0,,
Jynx,124,0,16,12,6,4,3,10,8,8,1,2,3,4,5,6,3,0,1,1,0,0,0,0,,
Electabuzz,125,0,5,0,6,7,5,8,7,9,1,2,3,4,5,6,3,0,1,1,0,0,0,0,,
Magmar,126,0,2,0,6,8,5,8,7,8,1,2,3,4,5,6,3,0,1,1,0,0,0,0,,
Pinsir,127,0,7,0,6,10,8,5,6,7,1,2,3,4,5,6,3,0,1,1,0,0,0,0,,
Tauros,128,0,1,0,6,8,8,4,6,9,1,2,3,4,5,6,3,0,1,1,0,0,0,0,,
Magikarp,129,0,3,0,2,1,5,2,2,7,1,2,3,4,5,6,3,0,1,1,0,0,0,0,,
Gyarados,130,0,3,6,8,10,7,5,8,7,1,2,3,4,5,6,3,0,1,1,0,0,0,0,,
Lapras,131,0,3,16,11,7,7,7,8,5,1,2,3,4,5,6,3,0,1,1,0,0,0,0,,
Ditto,132,0,1,0,4,4,4,4,4,4,1,2,3,4,5,6,3,0,1,1,0,0,0,0,,
Eevee,133,0,1,0,5,5,4,4,6,5,1,2,3,4,5,6,3,0,1,1,0,0,0,0,,
Vaporeon,134,0,3,0,11,6,5,9,8,6,1,2,3,4,5,6,3,0,1,1,0,0,0,0,,
Jolteon,135,0,5,0,6,6,5,9,8,11,1,2,3,4,5,6,3,0,1,1,0,0,0,0,,
Flareon,136,0,2,0,6,11,5,8,9,6,1,2,3,4,5,6,3,0,1,1,0,0,0,0,,
Porygon,137,0,1,0,6,5,6,7,6,4,1,2,3,4,5,6,3,0,1,1,0,0,0,0,,
Omanyte,138,0,10,3,3,4,8,8,5,3,1,2,3,4,5,6,3,0,1,1,0,0,0,0,,
Omastar,139,0,10,3,6,5,10,10,6,5,1,2,3,4,5,6,3,0,1,1,0,0,0,0,,
Kabuto,140,0,10,3,3,7,8,5,4,5,1,2,3,4,5,6,3,0,1,1,0,0,0,0,,
Kabutops,141,0,10,3,5,10,9,6,6,7,1,2,3,4,5,6,3,0,1,1,0,0,0,0,,
Aerodactyl,142,0,10,6,7,9,6,5,6,11,1,2,3,4,5,6,3,0,1,1,0,0,0,0,,
Snorlax,143,0,1,0,13,9,6,6,9,3,1,2,3,4,5,6,3,0,1,1,0,0,0,0,,
Articuno,144,0,16,6,8,7,8,8,10,7,1,2,3,4,5,6,3,0,1,1,0,0,0,0,,
Zapdos,145,0,5,6,8,8,7,10,8,8,1,2,3,4,5,6,3,0,1,1,0,0,0,0,,
Moltres,146,0,2,6,8,8,8,10,7,8,1,2,3,4,5,6,3,0,1,1,0,0,0,0,,
Dratini,147,0,18,0,4,6,4,4,4,4,1,2,3,4,5,6,3,0,1,1,0,0,0,0,,
Dragonair,148,0,18,0,5,7,6,6,6,6,1,2,3,4,5,6,3,0,1,1,0,0,0,0,,
Dragonite,149,0,18,6,8,11,8,8,8,7,1,2,3,4,5,6,3,0,1,1,0,0,0,0,,
Mewtwo,150,0,12,0,9,9,8,13,8,11,1,2,3,4,5,6,3,0,1,1,0,0,0,0,,
Mew,151,0,12,0,8,8,8,8,8,8,1,2,3,4,5,6,3,0,1,1,0,0,0,0,,
Chikorita,152,0,4,0,4,4,6,4,6,4,1,2,3,4,5,6,3,0,1,1,0,0,0,0,,
Bayleef,153,0,4,0,5,5,7,6,7,6,1,2,3,4,5,6,3,0,1,1,0,0,0,0,,
Meganium,154,0,4,0,7,7,8,7,8,7,1,2,3,4,5,6,3,0,1,1,0,0,0,0,,
Cyndaquil,155,0,2,0,4,5,4,5,4,6,1,2,3,4,5,6,3,0,1,1,0,0,0,0,,
Quilava,156,0,2,0,5,6,5,7,6,7,1,2,3,4,5,6,3,0,1,1,0,0,0,0,,
Typhlosion,157,0,2,0,7,7,7,9,7,8,1,2,3,4,5,6,3,0,1,1,0,0,0,0,,
Totodile,158,0,3,0,4,6,6,4,4,4,1,2,3,4,5,6,3,0,1,1,0,0,0,0,,
Croconaw,159,0,3,0,6,7,7,5,6,5,1,2,3,4,5,6,3,0,1,1,0,0,0,0,,
Feraligatr,160,0,3,0,7,9,8,7,7,7,1,2,3,4,5,6,3,0,1,1,0,0,0,0,,
Sentret,161,0,1,0,3,4,3,3,4,2,1,2,3,4,5,6,3,0,1,1,0,0,0,0,,
Furret,162,0,1,0,7,7,6,4,5,8,1,2,3,4,5,6,3,0,1,1,0,0,0,0,,
Hoothoot,163,0,1,6,5,3,3,3,5,4,1,2,3,4,5,6,3,0,1,1,0,0,0,0,,
Noctowl,164,0,1,6,8,4,4,7,8,6,1,2,3,4,5,6,3,0,1,1,0,0,0,0,,
Ledyba,165,0,7,6,4,2,3,4,7,5,1,2,3,4,5,6,3,0,1,1,0,0,0,0,,
Ledian,166,0,7,6,5,3,4,5,9,7,1,2,3,4,5,6,3,0,1,1,0,0,0,0,,
Spinarak,167,0,7,8,4,5,4,4,4,3,1,2,3,4,5,6,3,0,1,1,0,0,0,0,,
Ariados,168,0,7,8,6,8,6,5,5,4,1,2,3,4,5,6,3,0,1,1,0,0,0,0,,
Crobat,169,0,8,6,7,8,7,6,7,11,1,2,3,4,5,6,3,0,1,1,0,0,0,0,,
Chinchou,170,0,3,5,6,4,4,5,5,6,1,2,3,4,5,6,3,0,1,1,0,0,0,0,,
Lanturn,171,0,3,5,10,5,5,7,7,6,1,2,3,4,5,6,3,0,1,1,0,0,0,0,,
Pichu,172,0,5,0,2,4,2,3,3,5,1,2,3,4,5,6,3,0,1,1,0,0,0,0,,
Cleffa,173,0,1,0,4,2,3,4,5,2,1,2,3,4,5,6,3,0,1,1,0,0,0,0,,
Igglybuff,174,0,1,0,8,3,2,4,2,2,1,2,3,4,5,6,3,0,1,1,0,0,0,0,,
Togepi,175,0,1,0,3,2,6,4,6,2,1,2,3,4,5,6,3,0,1,1,0,0,0,0,,
Togetic,176,0,1,6,5,4,7,7,9,4,1,2,3,4,5,6,3,0,1,1,0,0,0,0,,
Natu,177,0,12,6,4,4,4,6,4,6,1,2,3,4,5,6,3,0,1,1,0,0,0,0,,
Xatu,178,0,12,6,6,6,6,8,6,8,1,2,3,4,5,6,3,0,1,1,0,0,0,0,,
Mareep,179,0,5,0,5,4,4,6,4,3,1,2,3,4,5,6,3,0,1,1,0,0,0,0,,
Flaaffy,180,0,5,0,6,5,5,7,5,4,1,2,3,4,5,6,3,0,1,1,0,0,0,0,,
Ampharos,181,0,5,0,8,6,7,10,8,5,1,2,3,4,5,6,3,0,1,1,0,0,0,0,,
Bellossom,182,0,4,0,6,7,8,8,8,4,1,2,3,4,5,6,3,0,1,1,0,0,0,0,,
Marill,183,0,3,0,6,2,4,2,4,4,1,2,3,4,5,6,3,0,1,1,0,0,0,0,,
Azumarill,184,0,3,0,8,4,7,5,7,4,1,2,3,4,5,6,3,0,1,1,0,0,0,0,,
Sudowoodo,185,0,10,0,6,8,10,3,6,3,1,2,3,4,5,6,3,0,1,1,0,0,0,0,,
Politoed,186,0,3,0,8,6,6,8,8,6,1,2,3,4,5,6,3,0,1,1,0,0,0,0,,
Hoppip,187,0,4,6,3,3,4,3,5,4,1,2,3,4,5,6,3,0,1,1,0,0,0,0,,
Skiploom,188,0,4,6,5,4,4,4,6,7,1,2,3,4,5,6,3,0,1,1,0,0,0,0,,
Jumpluff,189,0,4,6,6,5,6,5,8,9,1,2,3,4,5,6,3,0,1,1,0,0,0,0,,
Aipom,190,0,1,0,5,6,5,4,5,7,1,2,3,4,5,6,3,0,1,1,0,0,0,0,,
Sunkern,191,0,4,0,3,3,3,3,3,3,1,2,3,4,5,6,3,0,1,1,0,0,0,0,,
Sunflora,192,0,4,0,6,6,5,9,7,3,1,2,3,4,5,6,3,0,1,1,0,0,0,0,,
Yanma,193,0,7,6,6,6,4,6,4,8,1,2,3,4,5,6,3,0,1,1,0,0,0,0,,
Wooper,194,0,3,9,5,4,4,2,2,2,1,2,3,4,5,6,3,0,1,1,0,0,0,0,,
Quagsire,195,0,3,9,8,7,7,6,6,3,1,2,3,4,5,6,3,0,1,1,0,0,0,0,,
Espeon,196,0,12,0,6,6,5,11,8,9,1,2,3,4,5,6,3,0,1,1,0,0,0,0,,
Umbreon,197,0,14,0,8,6,9,5,11,6,1,2,3,4,5,6,3,0,1,1,0,0,0,0,,
Murkrow,198,0,14,6,5,7,4,7,4,8,1,2,3,4,5,6,3,0,1,1,0,0,0,0,,
Slowking,199,0,3,12,8,6,7,8,9,3,1,2,3,4,5,6,3,0,1,1,0,0,0,0,,
Misdreavus,200,0,13,0,5,5,5,7,7,7,1,2,3,4,5,6,3,0,1,1,0,0,0,0,,
Unown,201,0,12,0,4,6,4,6,4,4,1,2,3,4,5,6,3,0,1,1,0,0,0,0,,
Wobbuffet,202,0,12,0,16,3,5,3,5,3,1,2,3,4,5,6,3,0,1,1,0,0,0,0,,
Girafarig,203,0,1,12,6,7,6,8,6,7,1,2,3,4,5,6,3,0,1,1,0,0,0,0,,
Pineco,204,0,7,0,4,6,8,3,3,2,1,2,3,4,5,6,3,0,1,1,0,0,0,0,,
Forretress,205,0,7,17,6,8,12,5,5,4,1,2,3,4,5,6,3,0,1,1,0,0,0,0,,
Dunsparce,206,0,1,0,8,6,6,6,6,4,1,2,3,4,5,6,3,0,1,1,0,0,0,0,,
Gligar,207,0,9,6,6,6,9,3,6,7,1,2,3,4,5,6,3,0,1,1,0,0,0,0,,
Steelix,208,0,17,9,6,7,16,5,6,3,1,2,3,4,5,6,3,0,1,1,0,0,0,0,,
Snubbull,209,0,1,0,5,7,4,4,4,3,1,2,3,4,5,6,3,0,1,1,0,0,0,0,,
Granbull,210,0,1,0,8,10,6,5,5,4,1,2,3,4,5,6,3,0,1,1,0,0,0,0,,
Qwilfish,211,0,3,8,6,8,6,5,5,7,1,2,3,4,5,6,3,0,1,1,0,0,0,0,,
Scizor,212,0,7,17,6,11,8,5,7,6,1,2,3,4,5,6,3,0,1,1,0,0,0,0,,
Shuckle,213,0,7,10,2,1,19,1,19,1,1,2,3,4,5,6,3,0,1,1,0,0,0,0,,
Heracross,214,0,7,11,7,10,6,4,8,7,1,2,3,4,5,6,3,0,1,1,0,0,0,0,,
Sneasel,215,0,14,16,5,8,5,3,6,10,1,2,3,4,5,6,3,0,1,1,0,0,0,0,,
Teddiursa,216,0,1,0,5,7,4,4,4,4,1,2,3,4,5,6,3,0,1,1,0,0,0,0,,
Ursaring,217,0,1,0,8,11,6,6,6,5,1,2,3,4,5,6,3,0,1,1,0,0,0,0,,
Slugma,218,0,2,0,4,4,4,6,4,2,1,2,3,4,5,6,3,0,1,1,0,0,0,0,,
Magcargo,219,0,2,10,4,4,10,7,7,3,1,2,3,4,5,6,3,0,1,1,0,0,0,0,,
Swinub,220,0,16,9,4,4,4,3,3,4,1,2,3,4,5,6,3,0,1,1,0,0,0,0,,
Piloswine,221,0,16,9,8,8,7,5,5,4,1,2,3,4,5,6,3,0,1,1,0,0,0,0,,
Corsola,222,0,3,10,5,5,7,6,7,3,1,2,3,4,5,6,3,0,1,1,0,0,0,0,,
Remoraid,223,0,3,0,3,6,3,6,3,6,1,2,3,4,5,6,3,0,1,1,0,0,0,0,,
Octillery,224,0,3,0,6,9,6,9,6,4,1,2,3,4,5,6,3,0,1,1,0,0,0,0,,
Delibird,225,0,16,6,4,5,4,6,4,6,1,2,3,4,5,6,3,0,1,1,0,0,0,0,,
Mantine,226,0,3,6,6,4,6,7,12,6,1,2,3,4,5,6,3,0,1,1,0,0,0,0,,
Skarmory,227,0,17,6,6,7,12,4,6,6,1,2,3,4,5,6,3,0,1,1,0,0,0,0,,
Houndour,228,0,14,2,4,5,3,7,4,6,1,2,3,4,5,6,3,0,1,1,0,0,0,0,,
Houndoom,229,0,14,2,6,8,4,9,7,8,1,2,3,4,5,6,3,0,1,1,0,0,0,0,,
Kingdra,230,0,3,18,6,8,8,8,8,7,1,2,3,4,5,6,3,0,1,1,0,0,0,0,,
Phanpy,231,0,9,0,8,5,5,4,4,4,1,2,3,4,5,6,3,0,1,1,0,0,0,0,,
Donphan,232,0,9,0,8,10,10,5,5,4,1,2,3,4,5,6,3,0,1,1,0,0,0,0,,
Porygon2,233,0,1,0,7,7,8,9,8,5,1,2,3,4,5,6,3,0,1,1,0,0,0,0,,
Stantler,234,0,1,0,6,8,5,7,6,7,1,2,3,4,5,6,3,0,1,1,0,0,0,0,,
Smeargle,235,0,1,0,5,2,3,2,4,6,1,2,3,4,5,6,3,0,1,1,0,0,0,0,,
Tyrogue,236,0,11,0,3,3,3,3,3,3,1,2,3,4,5,6,3,0,1,1,0,0,0,0,,
Hitmontop,237,0,11,0,4,8,8,3,9,6,1,2,3,4,5,6,3,0,1,1,0,0,0,0,,
Smoochum,238,0,16,12,4,3,2,7,6,6,1,2,3,4,5,6,3,0,1,1,0,0,0,0,,
Elekid,239,0,5,0,4,6,3,6,5,8,1,2,3,4,5,6,3,0,1,1,0,0,0,0,,
Magby,240,0,2,0,4,6,3,6,5,7,1,2,3,4,5,6,3,0,1,1,0,0,0,0,,
Miltank,241,0,1,0,8,7,9,4,6,8,1,2,3,4,5,6,3,0,1,1,0,0,0,0,,
Blissey,242,0,1,0,21,1,1,6,11,5,1,2,3,4,5,6,3,0,1,1,0,0,0,0,,
Raikou,243,0,5,0,8,7,6,10,8,10,1,2,3,4,5,6,3,0,1,1,0,0,0,0,,
Entei,244,0,2,0,10,10,7,8,6,8,1,2,3,4,5,6,3,0,1,1,0,0,0,0,,
Suicune,245,0,3,0,8,6,10,8,10,7,1,2,3,4,5,6,3,0,1,1,0,0,0,0,,
Larvitar,246,0,10,9,4,6,4,4,4,4,1,2,3,4,5,6,3,0,1,1,0,0,0,0,,
Pupitar,247,0,10,9,6,7,6,6,6,5,1,2,3,4,5,6,3,0,1,1,0,0,0,0,,
Tyranitar,248,0,10,14,8,11,9,8,8,5,1,2,3,4,5,6,3,0,1,1,0,0,0,0,,
Lugia,249,0,12,6,9,8,11,8,13,9,1,2,3,4,5,6,3,0,1,1,0,0,0,0,,
Ho-oh,250,0,2,6,9,11,8,9,13,8,1,2,3,4,5,6,3,0,1,1,0,0,0,0,,
Celebi,251,0,12,4,8,8,8,8,8,8,1,2,3,4,5,6,3,0,1,1,0,0,0,0,,
Treecko,252,0,4,0,4,4,3,6,5,6,1,2,3,4,5,6,3,0,1,1,0,0,0,0,,
Grovyle,253,0,4,0,4,6,4,7,6,8,1,2,3,4,5,6,3,0,1,1,0,0,0,0,,
Sceptile,254,0,4,0,6,7,6,9,7,10,1,2,3,4,5,6,3,0,1,1,0,0,0,0,,
Torchic,255,0,2,0,4,5,4,6,4,4,1,2,3,4,5,6,3,0,1,1,0,0,0,0,,
Combusken,256,0,2,11,5,7,5,7,5,5,1,2,3,4,5,6,3,0,1,1,0,0,0,0,,
Blaziken,257,0,2,11,7,10,6,9,6,7,1,2,3,4,5,6,3,0,1,1,0,0,0,0,,
Mudkip,258,0,3,0,4,6,4,4,4,4,1,2,3,4,5,6,3,0,1,1,0,0,0,0,,
Marshtomp,259,0,3,9,6,7,6,5,6,4,1,2,3,4,5,6,3,0,1,1,0,0,0,0,,
Swampert,260,0,3,9,8,9,8,7,8,5,1,2,3,4,5,6,3,0,1,1,0,0,0,0,,
Poochyena,261,0,14,0,3,5,3,3,3,3,1,2,3,4,5,6,3,0,1,1,0,0,0,0,,
Mightyena,262,0,14,0,6,8,6,5,5,6,1,2,3,4,5,6,3,0,1,1,0,0,0,0,,
Zigzagoon,263,0,1,0,4,3,4,3,4,5,1,2,3,4,5,6,3,0,1,1,0,0,0,0,,
Linoone,264,0,1,0,7,6,5,4,5,8,1,2,3,4,5,6,3,0,1,1,0,0,0,0,,
Wurmple,265,0,7,0,4,4,3,2,3,2,1,2,3,4,5,6,3,0,1,1,0,0,0,0,,
Silcoon,266,0,7,0,4,3,5,2,2,2,1,2,3,4,5,6,3,0,1,1,0,0,0,0,,
Beautifly,267,0,7,6,5,6,4,8,4,6,1,2,3,4,5,6,3,0,1,1,0,0,0,0,,
Cascoon,268,0,7,0,4,3,5,2,2,2,1,2,3,4,5,6,3,0,1,1,0,0,0,0,,
Dustox,269,0,7,8,5,4,6,4,8,6,1,2,3,4,5,6,3,0,1,1,0,0,0,0,,
Lotad,270,0,3,4,4,3,3,4,4,3,1,2,3,4,5,6,3,0,1,1,0,0,0,0,,
Lombre,271,0,3,4,5,4,4,5,6,4,1,2,3,4,5,6,3,0,1,1,0,0,0,0,,
Ludicolo,272,0,3,4,7,6,6,8,8,6,1,2,3,4,5,6,3,0,1,1,0,0,0,0,,
Seedot,273,0,4,0,4,4,4,3,3,3,1,2,3,4,5,6,3,0,1,1,0,0,0,0,,
Nuzleaf,274,0,4,14,6,6,4,5,4,5,1,2,3,4,5,6,3,0,1,1,0,0,0,0,,
Shiftry,275,0,4,14,8,8,5,8,5,7,1,2,3,4,5,6,3,0,1,1,0,0,0,0,,
Taillow,276,0,1,6,4,5,3,3,3,7,1,2,3,4,5,6,3,0,1,1,0,0,0,0,,
Swellow,277,0,1,6,5,7,5,4,4,10,1,2,3,4,5,6,3,0,1,1,0,0,0,0,,
Wingull,278,0,3,6,4,3,3,5,3,7,1,2,3,4,5,6,3,0,1,1,0,0,0,0,,
Pelipper,279,0,3,6,5,4,8,7,6,6,1,2,3,4,5,6,3,0,1,1,0,0,0,0,,
Ralts,280,0,12,0,3,2,2,4,3,4,1,2,3,4,5,6,3,0,1,1,0,0,0,0,,
Kirlia,281,0,12,0,4,3,3,6,5,4,1,2,3,4,5,6,3,0,1,1,0,0,0,0,,
Gardevoir,282,0,12,0,6,6,6,10,10,7,1,2,3,4,5,6,3,0,1,1,0,0,0,0,,
Surskit,283,0,7,3,4,3,3,4,5,6,1,2,3,4,5,6,3,0,1,1,0,0,0,0,,
Masquerain,284,0,7,6,6,5,5,7,7,5,1,2,3,4,5,6,3,0,1,1,0,0,0,0,,
Shroomish,285,0,4,0,5,4,5,4,5,3,1,2,3,4,5,6,3,0,1,1,0,0,0,0,,
Breloom,286,0,4,11,5,11,7,5,5,6,1,2,3,4,5,6,3,0,1,1,0,0,0,0,,
Slakoth,287,0,1,0,5,5,5,3,3,3,1,2,3,4,5,6,3,0,1,1,0,0,0,0,,
Vigoroth,288,0,1,0,7,7,7,5,5,8,1,2,3,4,5,6,3,0,1,1,0,0,0,0,,
Slaking,289,0,1,0,12,13,8,8,6,8,1,2,3,4,5,6,3,0,1,1,0,0,0,0,,
Nincada,290,0,7,9,3,4,8,3,3,4,1,2,3,4,5,6,3,0,1,1,0,0,0,0,,
Ninjask,291,0,7,6,5,8,4,4,4,13,1,2,3,4,5,6,3,0,1,1,0,0,0,0,,
Shedinja,292,0,7,13,1,8,4,3,3,4,1,2,3,4,5,6,3,0,1,1,0,0,0,0,,
Whismur,293,0,1,0,6,5,2,5,2,3,1,2,3,4,5,6,3,0,1,1,0,0,0,0,,
Loudred,294,0,1,0,7,6,4,6,4,4,1,2,3,4,5,6,3,0,1,1,0,0,0,0,,
Exploud,295,0,1,0,9,8,6,8,6,6,1,2,3,4,5,6,3,0,1,1,0,0,0,0,,
Makuhita,296,0,11,0,6,5,3,2,3,2,1,2,3,4,5,6,3,0,1,1,0,0,0,0,,
Hariyama,297,0,11,0,12,10,5,4,5,4,1,2,3,4,5,6,3,0,1,1,0,0,0,0,,
Azurill,298,0,1,0,4,2,4,2,4,2,1,2,3,4,5,6,3,0,1,1,0,0,0,0,,
Nosepass,299,0,10,0,3,4,11,4,8,3,1,2,3,4,5,6,3,0,1,1,0,0,0,0,,
Skitty,300,0,1,0,4,4,4,3,3,4,1,2,3,4,5,6,3,0,1,1,0,0,0,0,,
Delcatty,301,0,1,0,6,6,6,5,5,6,1,2,3,4,5,6,3,0,1,1,0,0,0,0,,
Sableye,302,0,14,13,4,6,6,6,6,4,1,2,3,4,5,6,3,0,1,1,0,0,0,0,,
Mawile,303,0,17,0,4,7,7,5,5,4,1,2,3,4,5,6,3,0,1,1,0,0,0,0,,
Aron,304,0,17,10,4,6,8,4,4,3,1,2,3,4,5,6,3,0,1,1,0,0,0,0,,
Lairon,305,0,17,10,5,8,12,4,4,4,1,2,3,4,5,6,3,0,1,1,0,0,0,0,,
Aggron,306,0,17,10,6,9,15,5,5,4,1,2,3,4,5,6,3,0,1,1,0,0,0,0,,
Meditite,307,0,11,12,3,4,5,4,5,5,1,2,3,4,5,6,3,0,1,1,0,0,0,0,,
Medicham,308,0,11,12,5,5,6,5,6,7,1,2,3,4,5,6,3,0,1,1,0,0,0,0,,
Electrike,309,0,5,0,4,4,4,6,4,6,1,2,3,4,5,6,3,0,1,1,0,0,0,0,,
Manectric,310,0,5,0,6,6,5,9,5,9,1,2,3,4,5,6,3,0,1,1,0,0,0,0,,
Plusle,311,0,5,0,5,4,4,7,6,8,1,2,3,4,5,6,3,0,1,1,0,0,0,0,,
Minun,312,0,5,0,5,4,4,6,7,8,1,2,3,4,5,6,3,0,1,1,0,0,0,0,,
Volbeat,313,0,7,0,6,6,5,4,6,7,1,2,3,4,5,6,3,0,1,1,0,0,0,0,,
Illumise,314,0,7,0,6,4,5,6,6,7,1,2,3,4,5,6,3,0,1,1,0,0,0,0,,
Roselia,315,0,4,8,4,5,4,8,7,6,1,2,3,4,5,6,3,0,1,1,0,0,0,0,,
Gulpin,316,0,8,0,6,4,5,4,5,4,1,2,3,4,5,6,3,0,1,1,0,0,0,0,,
Swalot,317,0,8,0,8,6,7,6,7,5,1,2,3,4,5,6,3,0,1,1,0,0,0,0,,
Carvanha,318,0,3,14,4,8,2,6,2,6,1,2,3,4,5,6,3,0,1,1,0,0,0,0,,
Sharpedo,319,0,3,14,6,10,4,8,4,8,1,2,3,4,5,6,3,0,1,1,0,0,0,0,,
Wailmer,320,0,3,0,11,6,3,6,3,5,1,2,3,4,5,6,3,0,1,1,0,0,0,0,,
Wailord,321,0,3,0,14,8,4,8,4,5,1,2,3,4,5,6,3,0,1,1,0,0,0,0,,
Numel,322,0,2,9,5,5,4,6,4,3,1,2,3,4,5,6,3,0,1,1,0,0,0,0,,
Camerupt,323,0,2,9,6,8,6,9,6,4,1,2,3,4,5,6,3,0,1,1,0,0,0,0,,
Torkoal,324,0,2,0,6,7,12,7,6,2,1,2,3,4,5,6,3,0,1,1,0,0,0,0,,
Spoink,325,0,12,0,5,2,3,6,7,5,1,2,3,4,5,6,3,0,1,1,0,0,0,0,,
Grumpig,326,0,12,0,7,4,6,8,9,7,1,2,3,4,5,6,3,0,1,1,0,0,0,0,,
Spinda,327,0,1,0,5,5,5,5,5,5,1,2,3,4,5,6,3,0,1,1,0,0,0,0,,
Trapinch,328,0,9,0,4,8,4,4,4,1,1,2,3,4,5,6,3,0,1,1,0,0,0,0,,
Vibrava,329,0,9,18,4,6,4,4,4,6,1,2,3,4,5,6,3,0,1,1,0,0,0,0,,
Flygon,330,0,9,18,7,8,7,7,7,8,1,2,3,4,5,6,3,0,1,1,0,0,0,0,,
Cacnea,331,0,4,0,4,7,4,7,4,3,1,2,3,4,5,6,3,0,1,1,0,0,0,0,,
Cacturne,332,0,4,14,6,10,5,10,5,5,1,2,3,4,5,6,3,0,1,1,0,0,0,0,,
Swablu,333,0,1,6,4,4,5,4,6,4,1,2,3,4,5,6,3,0,1,1,0,0,0,0,,
Altaria,334,0,18,6,6,6,8,6,9,7,1,2,3,4,5,6,3,0,1,1,0,0,0,0,,
Zangoose,335,0,1,0,6,10,5,5,5,8,1,2,3,4,5,6,3,0,1,1,0,0,0,0,,
Seviper,336,0,8,0,6,8,5,8,5,6,1,2,3,4,5,6,3,0,1,1,0,0,0,0,,
Lunatone,337,0,10,12,6,5,6,8,7,6,1,2,3,4,5,6,3,0,1,1,0,0,0,0,,
Solrock,338,0,10,12,6,8,7,5,6,6,1,2,3,4,5,6,3,0,1,1,0,0,0,0,,
Barboach,339,0,3,9,4,4,4,4,4,5,1,2,3,4,5,6,3,0,1,1,0,0,0,0,,
Whiscash,340,0,3,9,9,7,6,7,6,5,1,2,3,4,5,6,3,0,1,1,0,0,0,0,,
Corphish,341,0,3,0,4,7,6,4,3,3,1,2,3,4,5,6,3,0,1,1,0,0,0,0,,
Crawdaunt,342,0,3,14,6,10,7,8,5,5,1,2,3,4,5,6,3,0,1,1,0,0,0,0,,
Baltoy,343,0,9,12,4,4,5,4,6,5,1,2,3,4,5,6,3,0,1,1,0,0,0,0,,
Claydol,344,0,9,12,5,6,9,6,10,6,1,2,3,4,5,6,3,0,1,1,0,0,0,0,,
Lileep,345,0,10,4,6,4,7,5,7,2,1,2,3,4,5,6,3,0,1,1,0,0,0,0,,
Cradily,346,0,10,4,7,7,8,7,9,4,1,2,3,4,5,6,3,0,1,1,0,0,0,0,,
Anorith,347,0,10,7,4,8,4,4,4,6,1,2,3,4,5,6,3,0,1,1,0,0,0,0,,
Armaldo,348,0,10,7,6,10,8,6,7,4,1,2,3,4,5,6,3,0,1,1,0,0,0,0,,
Feebas,349,0,3,0,2,2,2,1,5,7,1,2,3,4,5,6,3,0,1,1,0,0,0,0,,
Milotic,350,0,3,0,8,5,7,8,10,7,1,2,3,4,5,6,3,0,1,1,0,0,0,0,,
Castform,351,0,1,0,6,6,6,6,6,6,1,2,3,4,5,6,3,0,1,1,0,0,0,0,,
Kecleon,352,0,1,0,5,8,6,5,10,4,1,2,3,4,5,6,3,0,1,1,0,0,0,0,,
Shuppet,353,0,13,0,4,6,3,6,3,4,1,2,3,4,5,6,3,0,1,1,0,0,0,0,,
Banette,354,0,13,0,6,10,6,7,6,6,1,2,3,4,5,6,3,0,1,1,0,0,0,0,,
Duskull,355,0,13,0,2,4,8,3,8,2,1,2,3,4,5,6,3,0,1,1,0,0,0,0,,
Dusclops,356,0,13,0,4,6,11,5,11,2,1,2,3,4,5,6,3,0,1,1,0,0,0,0,,
Tropius,357,0,4,6,8,6,7,6,7,5,1,2,3,4,5,6,3,0,1,1,0,0,0,0,,
Chimecho,358,0,12,0,6,4,6,8,7,6,1,2,3,4,5,6,3,0,1,1,0,0,0,0,,
Absol,359,0,14,0,6,11,5,6,5,6,1,2,3,4,5,6,3,0,1,1,0,0,0,0,,
Wynaut,360,0,12,0,8,2,4,2,4,2,1,2,3,4,5,6,3,0,1,1,0,0,0,0,,
Snorunt,361,0,16,0,4,4,4,4,4,4,1,2,3,4,5,6,3,0,1,1,0,0,0,0,,
Glalie,362,0,16,0,7,7,7,7,7,7,1,2,3,4,5,6,3,0,1,1,0,0,0,0,,
Spheal,363,0,16,3,6,4,4,5,4,2,1,2,3,4,5,6,3,0,1,1,0,0,0,0,,
Sealeo,364,0,16,3,8,5,6,6,6,4,1,2,3,4,5,6,3,0,1,1,0,0,0,0,,
Walrein,365,0,16,3,9,7,8,8,8,6,1,2,3,4,5,6,3,0,1,1,0,0,0,0,,
Clamperl,366,0,3,0,3,6,7,6,5,3,1,2,3,4,5,6,3,0,1,1,0,0,0,0,,
Huntail,367,0,3,0,5,9,9,8,6,5,1,2,3,4,5,6,3,0,1,1,0,0,0,0,,
Gorebyss,368,0,3,0,5,7,9,10,6,5,1,2,3,4,5,6,3,0,1,1,0,0,0,0,,
Relicanth,369,0,3,10,8,8,11,4,6,5,1,2,3,4,5,6,3,0,1,1,0,0,0,0,,
Luvdisc,370,0,3,0,4,3,5,4,6,8,1,2,3,4,5,6,3,0,1,1,0,0,0,0,,
Bagon,371,0,18,0,4,6,5,4,3,4,1,2,3,4,5,6,3,0,1,1,0,0,0,0,,
Shelgon,372,0,18,0,6,8,8,5,4,4,1,2,3,4,5,6,3,0,1,1,0,0,0,0,,
Salamence,373,0,18,6,8,11,7,9,7,8,1,2,3,4,5,6,3,0,1,1,0,0,0,0,,
Beldum,374,0,17,12,4,5,7,3,5,3,1,2,3,4,5,6,3,0,1,1,0,0,0,0,,
Metang,375,0,17,12,5,6,8,5,7,4,1,2,3,4,5,6,3,0,1,1,0,0,0,0,,
Metagross,376,0,17,12,7,11,11,8,8,6,1,2,3,4,5,6,3,0,1,1,0,0,0,0,,
Regirock,377,0,10,0,7,8,16,4,8,4,1,2,3,4,5,6,3,0,1,1,0,0,0,0,,
Regice,378,0,16,0,7,4,8,8,16,4,1,2,3,4,5,6,3,0,1,1,0,0,0,0,,
Registeel,379,0,17,0,7,6,12,6,12,4,1,2,3,4,5,6,3,0,1,1,0,0,0,0,,
Latias,380,0,18,12,7,7,8,9,11,9,1,2,3,4,5,6,3,0,1,1,0,0,0,0,,
Latios,381,0,18,12,7,8,7,11,9,9,1,2,3,4,5,6,3,0,1,1,0,0,0,0,,
Kyogre,382,0,3,0,8,8,8,12,12,8,1,2,3,4,5,6,3,0,1,1,0,0,0,0,,
Groudon,383,0,9,0,8,12,12,8,8,8,1,2,3,4,5,6,3,0,1,1,0,0,0,0,,
Rayquaza,384,0,18,6,9,12,8,12,8,8,1,2,3,4,5,6,3,0,1,1,0,0,0,0,,
Jirachi,385,0,17,12,8,8,8,8,8,8,1,2,3,4,5,6,3,0,1,1,0,0,0,0,,
Deoxys (N),386,0,12,0,4,12,4,12,4,12,1,2,3,4,5,6,3,0,1,1,0,0,0,0,,
Deoxys (A),386,1,12,0,4,15,2,15,2,12,1,2,3,4,5,6,3,0,1,1,0,0,0,0,,
Deoxys (D),386,2,12,0,4,6,13,6,13,8,1,2,3,4,5,6,3,0,1,1,0,0,0,0,,
Deoxys (S),386,3,12,0,4,8,8,8,8,15,1,2,3,4,5,6,3,0,1,1,0,0,0,0,,
Turtwig,387,0,4,0,5,6,6,4,5,3,1,2,3,4,5,6,3,0,1,1,0,0,0,0,,
Grotle,388,0,4,0,6,8,7,5,6,3,1,2,3,4,5,6,3,0,1,1,0,0,0,0,,
Torterra,389,0,4,9,8,9,9,6,7,5,1,2,3,4,5,6,3,0,1,1,0,0,0,0,,
Chimchar,390,0,2,0,4,5,4,5,4,5,1,2,3,4,5,6,3,0,1,1,0,0,0,0,,
Monferno,391,0,2,11,6,7,5,7,5,7,1,2,3,4,5,6,3,0,1,1,0,0,0,0,,
Infernape,392,0,2,11,7,9,6,9,6,9,1,2,3,4,5,6,3,0,1,1,0,0,0,0,,
Piplup,393,0,3,0,5,5,5,5,5,4,1,2,3,4,5,6,3,0,1,1,0,0,0,0,,
Prinplup,394,0,3,0,6,6,6,7,7,4,1,2,3,4,5,6,3,0,1,1,0,0,0,0,,
Empoleon,395,0,3,17,7,7,8,9,9,5,1,2,3,4,5,6,3,0,1,1,0,0,0,0,,
Starly,396,0,1,6,4,5,3,3,3,5,1,2,3,4,5,6,3,0,1,1,0,0,0,0,,
Staravia,397,0,1,6,5,6,4,4,4,7,1,2,3,4,5,6,3,0,1,1,0,0,0,0,,
Staraptor,398,0,1,6,7,10,6,4,5,8,1,2,3,4,5,6,3,0,1,1,0,0,0,0,,
Bidoof,399,0,1,0,5,4,4,3,4,3,1,2,3,4,5,6,3,0,1,1,0,0,0,0,,
Bibarel,400,0,1,3,7,7,5,5,6,5,1,2,3,4,5,6,3,0,1,1,0,0,0,0,,
Kricketot,401,0,7,0,3,2,4,2,4,2,1,2,3,4,5,6,3,0,1,1,0,0,0,0,,
Kricketune,402,0,7,0,7,7,5,5,5,6,1,2,3,4,5,6,3,0,1,1,0,0,0,0,,
Shinx,403,0,5,0,4,6,3,4,3,4,1,2,3,4,5,6,3,0,1,1,0,0,0,0,,
Luxio,404,0,5,0,5,7,4,5,4,5,1,2,3,4,5,6,3,0,1,1,0,0,0,0,,
Luxray,405,0,5,0,7,10,7,8,7,6,1,2,3,4,5,6,3,0,1,1,0,0,0,0,,
Budew,406,0,4,8,4,3,3,4,6,5,1,2,3,4,5,6,3,0,1,1,0,0,0,0,,
Roserade,407,0,4,8,5,6,6,10,9,8,1,2,3,4,5,6,3,0,1,1,0,0,0,0,,
Cranidos,408,0,10,0,6,10,4,3,3,5,1,2,3,4,5,6,3,0,1,1,0,0,0,0,,
Rampardos,409,0,10,0,8,14,5,6,4,5,1,2,3,4,5,6,3,0,1,1,0,0,0,0,,
Shieldon,410,0,10,17,3,4,10,4,8,3,1,2,3,4,5,6,3,0,1,1,0,0,0,0,,
Bastiodon,411,0,10,17,5,5,14,4,12,3,1,2,3,4,5,6,3,0,1,1,0,0,0,0,,
Burmy,412,0,7,0,4,3,4,3,4,3,1,2,3,4,5,6,3,0,1,1,0,0,0,0,,
Wormadam (P),413,0,7,4,5,5,7,7,9,3,1,2,3,4,5,6,3,0,1,1,0,0,0,0,,
Wormadam (S),413,4,7,9,5,7,9,5,7,3,1,2,3,4,5,6,3,0,1,1,0,0,0,0,,
Wormadam (T),413,5,7,17,5,6,8,6,8,3,1,2,3,4,5,6,3,0,1,1,0,0,0,0,,
Mothim,414,0,7,6,6,8,4,8,4,6,1,2,3,4,5,6,3,0,1,1,0,0,0,0,,
Combee,415,0,7,6,3,3,4,3,4,6,1,2,3,4,5,6,3,0,1,1,0,0,0,0,,
Vespiquen,416,0,7,6,6,7,9,7,9,4,1,2,3,4,5,6,3,0,1,1,0,0,0,0,,
Pachirisu,417,0,5,0,5,4,6,4,8,8,1,2,3,4,5,6,3,0,1,1,0,0,0,0,,
Buizel,418,0,3,0,5,6,3,5,3,7,1,2,3,4,5,6,3,0,1,1,0,0,0,0,,
Floatzel,419,0,3,0,7,9,5,7,4,10,1,2,3,4,5,6,3,0,1,1,0,0,0,0,,
Cherubi,420,0,4,0,4,3,4,5,5,3,1,2,3,4,5,6,3,0,1,1,0,0,0,0,,
Cherrim,421,0,4,0,6,5,6,7,7,7,1,2,3,4,5,6,3,0,1,1,0,0,0,0,,
Shellos,422,0,3,0,7,4,4,5,5,3,1,2,3,4,5,6,3,0,1,1,0,0,0,0,,
Gastrodon,423,0,3,9,9,7,6,8,7,4,1,2,3,4,5,6,3,0,1,1,0,0,0,0,,
Ambipom,424,0,1,0,6,8,6,5,6,10,1,2,3,4,5,6,3,0,1,1,0,0,0,0,,
Drifloon,425,0,13,6,8,4,3,5,4,6,1,2,3,4,5,6,3,0,1,1,0,0,0,0,,
Drifblim,426,0,13,6,12,7,4,8,5,7,1,2,3,4,5,6,3,0,1,1,0,0,0,0,,
Buneary,427,0,1,0,5,6,4,4,5,7,1,2,3,4,5,6,3,0,1,1,0,0,0,0,,
Lopunny,428,0,1,0,6,7,7,5,8,9,1,2,3,4,5,6,3,0,1,1,0,0,0,0,,
Mismagius,429,0,13,0,5,5,5,9,9,9,1,2,3,4,5,6,3,0,1,1,0,0,0,0,,
Honchkrow,430,0,14,6,8,10,5,9,5,6,1,2,3,4,5,6,3,0,1,1,0,0,0,0,,
Glameow,431,0,1,0,4,5,4,4,3,7,1,2,3,4,5,6,3,0,1,1,0,0,0,0,,
Purugly,432,0,1,0,6,7,6,6,5,9,1,2,3,4,5,6,3,0,1,1,0,0,0,0,,
Chingling,433,0,12,0,4,3,4,6,4,4,1,2,3,4,5,6,3,0,1,1,0,0,0,0,,
Stunky,434,0,8,14,6,6,4,4,4,6,1,2,3,4,5,6,3,0,1,1,0,0,0,0,,
Skuntank,435,0,8,14,9,8,6,6,5,7,1,2,3,4,5,6,3,0,1,1,0,0,0,0,,
Bronzor,436,0,17,12,5,2,7,2,7,2,1,2,3,4,5,6,3,0,1,1,0,0,0,0,,
Bronzong,437,0,17,12,6,8,10,7,10,3,1,2,3,4,5,6,3,0,1,1,0,0,0,0,,
Bonsly,438,0,10,0,4,7,8,1,4,1,1,2,3,4,5,6,3,0,1,1,0,0,0,0,,
Mime Jr.,439,0,12,0,2,2,4,6,8,5,1,2,3,4,5,6,3,0,1,1,0,0,0,0,,
Happiny,440,0,1,0,8,1,1,2,6,3,1,2,3,4,5,6,3,0,1,1,0,0,0,0,,
Chatot,441,0,1,6,7,6,4,8,4,8,1,2,3,4,5,6,3,0,1,1,0,0,0,0,,
Spiritomb,442,0,13,14,4,8,9,8,9,3,1,2,3,4,5,6,3,0,1,1,0,0,0,0,,
Gible,443,0,18,9,5,6,4,4,4,4,1,2,3,4,5,6,3,0,1,1,0,0,0,0,,
Gabite,444,0,18,9,6,8,6,4,5,7,1,2,3,4,5,6,3,0,1,1,0,0,0,0,,
Garchomp,445,0,18,9,9,11,8,7,7,9,1,2,3,4,5,6,3,0,1,1,0,0,0,0,,
Munchlax,446,0,1,0,11,7,4,4,7,1,1,2,3,4,5,6,3,0,1,1,0,0,0,0,,
Riolu,447,0,11,0,4,6,4,3,4,5,1,2,3,4,5,6,3,0,1,1,0,0,0,0,,
Lucario,448,0,11,17,6,9,6,10,6,8,1,2,3,4,5,6,3,0,1,1,0,0,0,0,,
Hippopotas,449,0,9,0,6,6,7,4,4,3,1,2,3,4,5,6,3,0,1,1,0,0,0,0,,
Hippowdon,450,0,9,0,9,9,10,6,6,4,1,2,3,4,5,6,3,0,1,1,0,0,0,0,,
Skorupi,451,0,8,7,4,4,8,3,5,6,1,2,3,4,5,6,3,0,1,1,0,0,0,0,,
Drapion,452,0,8,14,6,8,9,5,6,8,1,2,3,4,5,6,3,0,1,1,0,0,0,0,,
Croagunk,453,0,8,11,4,5,4,5,4,4,1,2,3,4,5,6,3,0,1,1,0,0,0,0,,
Toxicroak,454,0,8,11,7,9,6,7,6,7,1,2,3,4,5,6,3,0,1,1,0,0,0,0,,
Carnivine,455,0,4,0,6,8,6,8,6,4,1,2,3,4,5,6,3,0,1,1,0,0,0,0,,
Finneon,456,0,3,0,4,4,5,4,5,6,1,2,3,4,5,6,3,0,1,1,0,0,0,0,,
Lumineon,457,0,3,0,6,6,7,6,7,8,1,2,3,4,5,6,3,0,1,1,0,0,0,0,,
Mantyke,458,0,3,6,4,2,4,5,10,4,1,2,3,4,5,6,3,0,1,1,0,0,0,0,,
Snover,459,0,16,4,5,5,4,5,5,4,1,2,3,4,5,6,3,0,1,1,0,0,0,0,,
Abomasnow,460,0,16,4,8,8,6,8,7,5,1,2,3,4,5,6,3,0,1,1,0,0,0,0,,
Weavile,461,0,14,16,6,10,6,4,7,10,1,2,3,4,5,6,3,0,1,1,0,0,0,0,,
Magnezone,462,0,5,17,6,6,10,11,8,5,1,2,3,4,5,6,3,0,1,1,0,0,0,0,,
Lickilicky,463,0,1,0,9,7,8,7,8,4,1,2,3,4,5,6,3,0,1,1,0,0,0,0,,
Rhyperior,464,0,9,10,10,12,11,5,5,4,1,2,3,4,5,6,3,0,1,1,0,0,0,0,,
Tangrowth,465,0,4,0,8,8,10,9,4,4,1,2,3,4,5,6,3,0,1,1,0,0,0,0,,
Electivire,466,0,5,0,6,10,6,8,7,8,1,2,3,4,5,6,3,0,1,1,0,0,0,0,,
Magmortar,467,0,2,0,6,8,6,10,8,7,1,2,3,4,5,6,3,0,1,1,0,0,0,0,,
Togekiss,468,0,1,6,7,4,8,10,10,7,1,2,3,4,5,6,3,0,1,1,0,0,0,0,,
Yanmega,469,0,7,6,7,7,7,10,5,8,1,2,3,4,5,6,3,0,1,1,0,0,0,0,,
Leafeon,470,0,4,0,6,9,11,5,6,8,1,2,3,4,5,6,3,0,1,1,0,0,0,0,,
Glaceon,471,0,16,0,6,5,9,11,8,6,1,2,3,4,5,6,3,0,1,1,0,0,0,0,,
Gliscor,472,0,9,6,6,8,10,4,6,8,1,2,3,4,5,6,3,0,1,1,0,0,0,0,,
Mamoswine,473,0,16,9,9,11,7,6,5,7,1,2,3,4,5,6,3,0,1,1,0,0,0,0,,
Porygon-Z,474,0,1,0,7,7,6,11,6,8,1,2,3,4,5,6,3,0,1,1,0,0,0,0,,
Gallade,475,0,12,11,6,10,6,6,10,7,1,2,3,4,5,6,3,0,1,1,0,0,0,0,,
Probopass,476,0,10,17,5,5,12,6,12,4,1,2,3,4,5,6,3,0,1,1,0,0,0,0,,
Dusknoir,477,0,13,0,4,8,11,6,11,4,1,2,3,4,5,6,3,0,1,1,0,0,0,0,,
Froslass,478,0,16,13,6,7,6,7,6,9,1,2,3,4,5,6,3,0,1,1,0,0,0,0,,
Rotom,479,0,5,13,4,4,7,8,7,8,1,2,3,4,5,6,3,0,1,1,0,0,0,0,,
Rotom (A),479,6,5,13,4,6,9,9,9,7,1,2,3,4,5,6,3,0,1,1,0,0,0,0,,
Uxie,480,0,12,0,6,6,11,6,11,8,1,2,3,4,5,6,3,0,1,1,0,0,0,0,,
Mesprit,481,0,12,0,7,9,9,9,9,7,1,2,3,4,5,6,3,0,1,1,0,0,0,0,,
Azelf,482,0,12,0,6,10,6,10,6,10,1,2,3,4,5,6,3,0,1,1,0,0,0,0,,
Dialga,483,0,17,18,8,10,10,12,8,8,1,2,3,4,5,6,3,0,1,1,0,0,0,0,,
Palkia,484,0,3,18,8,10,8,12,10,8,1,2,3,4,5,6,3,0,1,1,0,0,0,0,,
Heatran,485,0,2,17,8,8,9,11,9,7,1,2,3,4,5,6,3,0,1,1,0,0,0,0,,
Regigigas,486,0,1,0,9,13,9,7,9,8,1,2,3,4,5,6,3,0,1,1,0,0,0,0,,
Giratina,487,0,13,18,12,8,10,8,10,8,1,2,3,4,5,6,3,0,1,1,0,0,0,0,,
Giratina (O),487,7,13,18,12,10,8,10,8,8,1,2,3,4,5,6,3,0,1,1,0,0,0,0,,
Cresselia,488,0,12,0,10,6,10,6,11,7,1,2,3,4,5,6,3,0,1,1,0,0,0,0,,
Phione,489,0,3,0,7,7,7,7,7,7,1,2,3,4,5,6,3,0,1,1,0,0,0,0,,
Manaphy,490,0,3,0,8,8,8,8,8,8,1,2,3,4,5,6,3,0,1,1,0,0,0,0,,
Darkrai,491,0,14,0,6,8,8,11,8,10,1,2,3,4,5,6,3,0,1,1,0,0,0,0,,
Shaymin,492,0,4,0,8,8,8,8,8,8,1,2,3,4,5,6,3,0,1,1,0,0,0,0,,
Shaymin (S),492,8,4,6,8,9,6,10,6,11,1,2,3,4,5,6,3,0,1,1,0,0,0,0,,
Arceus,493,0,1,0,10,10,10,10,10,10,1,2,3,4,5,6,3,0,1,1,0,0,0,0,,
Victini ,494,0,12,2,8,8,8,8,8,8,1,2,3,4,5,6,3,0,1,1,0,0,0,0,,
Snivy ,495,0,4,0,4,4,5,4,5,6,1,2,3,4,5,6,3,0,1,1,0,0,0,0,,
Servine ,496,0,4,0,5,5,6,5,6,7,1,2,3,4,5,6,3,0,1,1,0,0,0,0,,
Serperior ,497,0,4,0,6,6,8,6,8,10,1,2,3,4,5,6,3,0,1,1,0,0,0,0,,
Tepig ,498,0,2,0,6,6,4,4,4,4,1,2,3,4,5,6,3,0,1,1,0,0,0,0,,
Pignite ,499,0,2,11,8,8,5,6,5,5,1,2,3,4,5,6,3,0,1,1,0,0,0,0,,
Emboar ,500,0,2,11,9,10,6,8,6,6,1,2,3,4,5,6,3,0,1,1,0,0,0,0,,
Oshawott ,501,0,3,0,5,5,4,6,4,4,1,2,3,4,5,6,3,0,1,1,0,0,0,0,,
Dewott ,502,0,3,0,6,6,5,7,5,5,1,2,3,4,5,6,3,0,1,1,0,0,0,0,,
Samurott ,503,0,3,0,8,8,7,9,6,6,1,2,3,4,5,6,3,0,1,1,0,0,0,0,,
Patrat ,504,0,1,0,4,5,4,3,4,4,1,2,3,4,5,6,3,0,1,1,0,0,0,0,,
Watchog ,505,0,1,0,5,7,6,5,6,7,1,2,3,4,5,6,3,0,1,1,0,0,0,0,,
Lillipup ,506,0,1,0,4,5,4,2,4,5,1,2,3,4,5,6,3,0,1,1,0,0,0,0,,
Herdier ,507,0,1,0,6,7,6,3,6,5,1,2,3,4,5,6,3,0,1,1,0,0,0,0,,
Stoutland ,508,0,1,0,7,9,8,4,8,7,1,2,3,4,5,6,3,0,1,1,0,0,0,0,,
Purrloin ,509,0,14,0,4,4,3,4,3,6,1,2,3,4,5,6,3,0,1,1,0,0,0,0,,
Liepard ,510,0,14,0,6,8,4,8,4,9,1,2,3,4,5,6,3,0,1,1,0,0,0,0,,
Pansage ,511,0,4,0,4,5,4,5,4,6,1,2,3,4,5,6,3,0,1,1,0,0,0,0,,
Simisage ,512,0,4,0,6,8,6,8,6,9,1,2,3,4,5,6,3,0,1,1,0,0,0,0,,
Pansear ,513,0,2,0,4,5,4,5,4,6,1,2,3,4,5,6,3,0,1,1,0,0,0,0,,
Simisear ,514,0,2,0,6,8,6,8,6,9,1,2,3,4,5,6,3,0,1,1,0,0,0,0,,
Panpour ,515,0,3,0,4,5,4,5,4,6,1,2,3,4,5,6,3,0,1,1,0,0,0,0,,
Simipour ,516,0,3,0,6,8,6,8,6,9,1,2,3,4,5,6,3,0,1,1,0,0,0,0,,
Munna ,517,0,12,0,7,2,4,6,5,2,1,2,3,4,5,6,3,0,1,1,0,0,0,0,,
Musharna ,518,0,12,0,10,5,7,9,8,3,1,2,3,4,5,6,3,0,1,1,0,0,0,0,,
Pidove ,519,0,1,6,4,5,4,3,3,4,1,2,3,4,5,6,3,0,1,1,0,0,0,0,,
Tranquill ,520,0,1,6,5,7,5,4,4,6,1,2,3,4,5,6,3,0,1,1,0,0,0,0,,
Unfezant ,521,0,1,6,7,10,7,6,5,8,1,2,3,4,5,6,3,0,1,1,0,0,0,0,,
Blitzle ,522,0,1,6,4,5,3,4,3,7,1,2,3,4,5,6,3,0,1,1,0,0,0,0,,
Zebstrika ,523,0,5,0,6,8,6,7,6,10,1,2,3,4,5,6,3,0,1,1,0,0,0,0,,
Roggenrola ,524,0,5,0,5,6,7,2,2,2,1,2,3,4,5,6,3,0,1,1,0,0,0,0,,
Boldore ,525,0,10,0,6,9,9,4,4,2,1,2,3,4,5,6,3,0,1,1,0,0,0,0,,
Gigalith ,526,0,10,0,7,11,11,5,7,2,1,2,3,4,5,6,3,0,1,1,0,0,0,0,,
Woobat ,527,0,12,6,5,4,4,5,4,6,1,2,3,4,5,6,3,0,1,1,0,0,0,0,,
Swoobat ,528,0,12,6,6,5,5,7,5,10,1,2,3,4,5,6,3,0,1,1,0,0,0,0,,
Drilbur ,529,0,9,0,5,7,4,3,4,6,1,2,3,4,5,6,3,0,1,1,0,0,0,0,,
Excadrill ,530,0,9,17,9,11,5,4,6,8,1,2,3,4,5,6,3,0,1,1,0,0,0,0,,
Audino ,531,0,1,0,9,5,7,5,7,4,1,2,3,4,5,6,3,0,1,1,0,0,0,0,,
Audino (Mega Audino) ,531,8,11,0,9,5,11,7,11,4,1,2,3,4,5,6,3,0,1,1,0,0,0,0,,
Timburr ,532,0,11,0,6,7,5,2,3,3,1,2,3,4,5,6,3,0,1,1,0,0,0,0,,
Gurdurr ,533,0,11,0,7,9,7,4,4,4,1,2,3,4,5,6,3,0,1,1,0,0,0,0,,
Conkeldurr ,534,0,3,0,9,12,8,5,6,4,1,2,3,4,5,6,3,0,1,1,0,0,0,0,,
Tympole ,535,0,3,9,4,4,4,4,4,6,1,2,3,4,5,6,3,0,1,1,0,0,0,0,,
Palpitoad ,536,0,3,9,6,6,5,6,5,6,1,2,3,4,5,6,3,0,1,1,0,0,0,0,,
Seismitoad ,537,0,11,0,9,8,6,7,6,6,1,2,3,4,5,6,3,0,1,1,0,0,0,0,,
Throh ,538,0,11,0,10,8,7,3,7,4,1,2,3,4,5,6,3,0,1,1,0,0,0,0,,
Sawk ,539,0,7,4,6,10,6,3,6,7,1,2,3,4,5,6,3,0,1,1,0,0,0,0,,
Sewaddle ,540,0,7,4,4,5,6,4,5,4,1,2,3,4,5,6,3,0,1,1,0,0,0,0,,
Swadloon ,541,0,7,4,5,6,8,4,7,4,1,2,3,4,5,6,3,0,1,1,0,0,0,0,,
Leavanny ,542,0,7,8,6,9,7,6,7,8,1,2,3,4,5,6,3,0,1,1,0,0,0,0,,
Venipede ,543,0,7,8,3,4,5,3,4,5,1,2,3,4,5,6,3,0,1,1,0,0,0,0,,
Whirlipede ,544,0,7,8,4,5,8,4,7,4,1,2,3,4,5,6,3,0,1,1,0,0,0,0,,
Scolipede ,545,0,4,15,5,8,8,5,6,9,1,2,3,4,5,6,3,0,1,1,0,0,0,0,,
Cottonee ,546,0,4,15,4,3,5,3,4,6,1,2,3,4,5,6,3,0,1,1,0,0,0,0,,
Whimsicott ,547,0,4,0,5,6,7,7,6,10,1,2,3,4,5,6,3,0,1,1,0,0,0,0,,
Petilil ,548,0,4,0,4,3,4,6,4,3,1,2,3,4,5,6,3,0,1,1,0,0,0,0,,
Lilligant ,549,0,3,0,6,5,6,9,6,8,1,2,3,4,5,6,3,0,1,1,0,0,0,0,,
Basculin ,550,0,3,0,6,8,6,7,5,8,1,2,3,4,5,6,3,0,1,1,0,0,0,0,,
Sandile ,551,0,9,14,4,6,3,3,3,6,1,2,3,4,5,6,3,0,1,1,0,0,0,0,,
Krokorok ,552,0,9,14,5,7,4,4,4,6,1,2,3,4,5,6,3,0,1,1,0,0,0,0,,
Krookodile ,553,0,9,14,8,10,7,6,6,8,1,2,3,4,5,6,3,0,1,1,0,0,0,0,,
Darumaka ,554,0,2,0,6,8,4,2,4,4,1,2,3,4,5,6,3,0,1,1,0,0,0,0,,
Darmanitan (Standard Mode) ,555,0,2,0,9,12,5,3,5,8,1,2,3,4,5,6,3,0,1,1,0,0,0,0,,
Darmanitan (Zen Mode) ,555,9,2,12,9,3,9,12,9,5,1,2,3,4,5,6,3,0,1,1,0,0,0,0,,
Maractus ,556,0,4,0,6,7,6,9,6,5,1,2,3,4,5,6,3,0,1,1,0,0,0,0,,
Dwebble ,557,0,7,10,4,6,7,3,3,5,1,2,3,4,5,6,3,0,1,1,0,0,0,0,,
Crustle ,558,0,7,10,6,8,10,6,6,4,1,2,3,4,5,6,3,0,1,1,0,0,0,0,,
Scraggy ,559,0,14,11,4,6,6,3,6,4,1,2,3,4,5,6,3,0,1,1,0,0,0,0,,
Scrafty ,560,0,14,11,6,8,10,4,10,5,1,2,3,4,5,6,3,0,1,1,0,0,0,0,,
Sigilyph ,561,0,12,6,6,5,7,9,7,8,1,2,3,4,5,6,3,0,1,1,0,0,0,0,,
Yamask ,562,0,13,0,4,3,7,5,6,3,1,2,3,4,5,6,3,0,1,1,0,0,0,0,,
Cofagrigus ,563,0,13,0,5,4,12,8,9,3,1,2,3,4,5,6,3,0,1,1,0,0,0,0,,
Tirtouga ,564,0,3,10,5,7,9,5,4,2,1,2,3,4,5,6,3,0,1,1,0,0,0,0,,
Carracosta ,565,0,3,10,6,9,11,7,6,3,1,2,3,4,5,6,3,0,1,1,0,0,0,0,,
Archen ,566,0,10,6,5,9,4,6,4,6,1,2,3,4,5,6,3,0,1,1,0,0,0,0,,
Archeops ,567,0,10,6,6,12,6,9,6,9,1,2,3,4,5,6,3,0,1,1,0,0,0,0,,
Trubbish ,568,0,8,0,4,4,5,4,5,6,1,2,3,4,5,6,3,0,1,1,0,0,0,0,,
Garbodor ,569,0,8,0,7,8,7,5,7,6,1,2,3,4,5,6,3,0,1,1,0,0,0,0,,
Zorua ,570,0,14,0,4,6,4,7,4,6,1,2,3,4,5,6,3,0,1,1,0,0,0,0,,
Zoroark ,571,0,14,0,5,9,5,10,5,9,1,2,3,4,5,6,3,0,1,1,0,0,0,0,,
Minccino ,572,0,1,0,5,4,4,4,4,6,1,2,3,4,5,6,3,0,1,1,0,0,0,0,,
Cinccino ,573,0,1,0,6,8,5,6,5,10,1,2,3,4,5,6,3,0,1,1,0,0,0,0,,
Gothita ,574,0,12,0,4,3,4,5,6,4,1,2,3,4,5,6,3,0,1,1,0,0,0,0,,
Gothorita ,575,0,12,0,5,4,6,6,7,5,1,2,3,4,5,6,3,0,1,1,0,0,0,0,,
Gothitelle ,576,0,12,0,6,5,8,8,9,6,1,2,3,4,5,6,3,0,1,1,0,0,0,0,,
Solosis ,577,0,12,0,4,3,4,9,4,2,1,2,3,4,5,6,3,0,1,1,0,0,0,0,,
Duosion ,578,0,12,0,6,4,4,10,5,3,1,2,3,4,5,6,3,0,1,1,0,0,0,0,,
Reuniclus ,579,0,12,0,9,6,6,10,7,3,1,2,3,4,5,6,3,0,1,1,0,0,0,0,,
Ducklett ,580,0,3,6,5,4,4,4,4,5,1,2,3,4,5,6,3,0,1,1,0,0,0,0,,
Swanna ,581,0,3,6,6,7,6,7,6,8,1,2,3,4,5,6,3,0,1,1,0,0,0,0,,
Vanillite ,582,0,16,0,3,4,4,6,5,4,1,2,3,4,5,6,3,0,1,1,0,0,0,0,,
Vanillish ,583,0,16,0,5,6,6,7,6,5,1,2,3,4,5,6,3,0,1,1,0,0,0,0,,
Vanilluxe ,584,0,16,0,6,8,7,9,8,7,1,2,3,4,5,6,3,0,1,1,0,0,0,0,,
Deerling ,585,0,1,4,5,5,4,4,4,6,1,2,3,4,5,6,3,0,1,1,0,0,0,0,,
Sawsbuck ,586,0,1,4,7,8,6,5,6,8,1,2,3,4,5,6,3,0,1,1,0,0,0,0,,
Emolga ,587,0,5,6,5,6,5,6,5,9,1,2,3,4,5,6,3,0,1,1,0,0,0,0,,
Karrablast ,588,0,7,0,4,6,4,4,4,5,1,2,3,4,5,6,3,0,1,1,0,0,0,0,,
Escavalier ,589,0,7,17,6,11,9,5,9,2,1,2,3,4,5,6,3,0,1,1,0,0,0,0,,
Foongus ,590,0,4,8,6,5,4,5,5,2,1,2,3,4,5,6,3,0,1,1,0,0,0,0,,
Amoonguss ,591,0,4,8,10,7,6,7,7,3,1,2,3,4,5,6,3,0,1,1,0,0,0,0,,
Frillish ,592,0,3,13,5,4,4,6,7,4,1,2,3,4,5,6,3,0,1,1,0,0,0,0,,
Jellicent ,593,0,3,13,8,5,6,7,9,5,1,2,3,4,5,6,3,0,1,1,0,0,0,0,,
Alomomola ,594,0,3,13,14,6,7,4,4,6,1,2,3,4,5,6,3,0,1,1,0,0,0,0,,
Joltik ,595,0,3,13,4,4,4,5,4,6,1,2,3,4,5,6,3,0,1,1,0,0,0,0,,
Galvantula ,596,0,3,0,6,7,5,8,5,9,1,2,3,4,5,6,3,0,1,1,0,0,0,0,,
Ferroseed ,597,0,7,5,4,4,8,2,7,1,1,2,3,4,5,6,3,0,1,1,0,0,0,0,,
Ferrothorn ,598,0,7,5,6,8,11,5,10,2,1,2,3,4,5,6,3,0,1,1,0,0,0,0,,
Klink ,599,0,4,17,4,5,6,4,5,3,1,2,3,4,5,6,3,0,1,1,0,0,0,0,,
Klang ,600,0,4,17,5,7,8,6,7,4,1,2,3,4,5,6,3,0,1,1,0,0,0,0,,
Klinklang ,601,0,17,0,5,8,10,6,7,8,1,2,3,4,5,6,3,0,1,1,0,0,0,0,,
Tynamo ,602,0,17,0,3,5,4,4,4,5,1,2,3,4,5,6,3,0,1,1,0,0,0,0,,
Eelektrik ,603,0,17,0,6,7,6,6,6,4,1,2,3,4,5,6,3,0,1,1,0,0,0,0,,
Eelektross ,604,0,5,0,7,10,7,9,7,4,1,2,3,4,5,6,3,0,1,1,0,0,0,0,,
Elgyem ,605,0,5,0,5,5,5,7,5,3,1,2,3,4,5,6,3,0,1,1,0,0,0,0,,
Beheeyem ,606,0,5,0,6,6,6,10,8,4,1,2,3,4,5,6,3,0,1,1,0,0,0,0,,
Litwick ,607,0,12,0,4,3,5,6,5,2,1,2,3,4,5,6,3,0,1,1,0,0,0,0,,
Lampent ,608,0,12,0,5,4,5,8,5,5,1,2,3,4,5,6,3,0,1,1,0,0,0,0,,
Chandelure ,609,0,13,2,5,5,8,12,8,7,1,2,3,4,5,6,3,0,1,1,0,0,0,0,,
Axew ,610,0,13,2,4,7,5,3,4,5,1,2,3,4,5,6,3,0,1,1,0,0,0,0,,
Fraxure ,611,0,13,2,6,10,6,4,4,6,1,2,3,4,5,6,3,0,1,1,0,0,0,0,,
Haxorus ,612,0,18,0,7,12,8,5,6,8,1,2,3,4,5,6,3,0,1,1,0,0,0,0,,
Cubchoo ,613,0,18,0,5,6,4,5,4,4,1,2,3,4,5,6,3,0,1,1,0,0,0,0,,
Beartic ,614,0,18,0,8,9,7,6,7,4,1,2,3,4,5,6,3,0,1,1,0,0,0,0,,
Cryogonal ,615,0,16,0,6,4,3,8,11,9,1,2,3,4,5,6,3,0,1,1,0,0,0,0,,
Shelmet ,616,0,16,0,4,4,7,4,6,2,1,2,3,4,5,6,3,0,1,1,0,0,0,0,,
Accelgor ,617,0,16,0,7,6,4,8,5,12,1,2,3,4,5,6,3,0,1,1,0,0,0,0,,
Stunfisk ,618,0,7,0,9,6,7,7,8,3,1,2,3,4,5,6,3,0,1,1,0,0,0,0,,
Mienfoo ,619,0,7,0,4,7,4,5,4,6,1,2,3,4,5,6,3,0,1,1,0,0,0,0,,
Mienshao ,620,0,9,5,6,10,5,8,5,9,1,2,3,4,5,6,3,0,1,1,0,0,0,0,,
Druddigon ,621,0,11,0,7,10,8,5,8,4,1,2,3,4,5,6,3,0,1,1,0,0,0,0,,
Golett ,622,0,11,0,5,6,4,3,4,3,1,2,3,4,5,6,3,0,1,1,0,0,0,0,,
Golurk ,623,0,18,0,8,10,7,5,7,5,1,2,3,4,5,6,3,0,1,1,0,0,0,0,,
Pawniard ,624,0,9,13,4,7,6,4,4,5,1,2,3,4,5,6,3,0,1,1,0,0,0,0,,
Bisharp ,625,0,9,13,6,10,8,5,6,6,1,2,3,4,5,6,3,0,1,1,0,0,0,0,,
Bouffalant ,626,0,14,17,8,9,8,4,8,5,1,2,3,4,5,6,3,0,1,1,0,0,0,0,,
Rufflet ,627,0,14,17,6,7,4,3,4,5,1,2,3,4,5,6,3,0,1,1,0,0,0,0,,
Braviary ,628,0,1,0,8,10,6,5,6,7,1,2,3,4,5,6,3,0,1,1,0,0,0,0,,
Vullaby ,629,0,1,6,6,5,6,4,6,5,1,2,3,4,5,6,3,0,1,1,0,0,0,0,,
Mandibuzz ,630,0,1,6,9,6,9,5,8,7,1,2,3,4,5,6,3,0,1,1,0,0,0,0,,
Heatmor ,631,0,14,6,7,8,6,9,6,6,1,2,3,4,5,6,3,0,1,1,0,0,0,0,,
Durant ,632,0,14,6,5,9,9,4,4,9,1,2,3,4,5,6,3,0,1,1,0,0,0,0,,
Deino ,633,0,2,0,5,6,4,4,4,4,1,2,3,4,5,6,3,0,1,1,0,0,0,0,,
Zweilous ,634,0,14,18,6,7,6,6,6,5,1,2,3,4,5,6,3,0,1,1,0,0,0,0,,
Hydreigon ,635,0,14,18,8,9,8,10,8,8,1,2,3,4,5,6,3,0,1,1,0,0,0,0,,
Larvesta ,636,0,7,2,5,7,5,4,5,5,1,2,3,4,5,6,3,0,1,1,0,0,0,0,,
Volcarona ,637,0,7,2,7,5,6,11,9,8,1,2,3,4,5,6,3,0,1,1,0,0,0,0,,
Cobalion ,638,0,17,11,8,8,11,8,6,9,1,2,3,4,5,6,3,0,1,1,0,0,0,0,,
Terrakion ,639,0,10,11,8,11,8,6,8,9,1,2,3,4,5,6,3,0,1,1,0,0,0,0,,
Virizion ,640,0,4,11,8,8,6,8,11,9,1,2,3,4,5,6,3,0,1,1,0,0,0,0,,
Tornadus (Incarnate Forme) ,641,0,6,0,7,10,6,10,7,9,1,2,3,4,5,6,3,0,1,1,0,0,0,0,,
Tornadus (Therian Forme) ,641,10,6,0,7,8,7,9,8,10,1,2,3,4,5,6,3,0,1,1,0,0,0,0,,
Thundurus (Incarnate Forme) ,642,0,5,6,7,10,6,10,7,9,1,2,3,4,5,6,3,0,1,1,0,0,0,0,,
Thundurus (Therian Forme) ,642,11,5,6,7,9,6,12,7,9,1,2,3,4,5,6,3,0,1,1,0,0,0,0,,
Reshiram ,643,0,18,2,8,10,8,12,10,8,1,2,3,4,5,6,3,0,1,1,0,0,0,0,,
Zekrom ,644,0,18,5,8,12,10,10,8,8,1,2,3,4,5,6,3,0,1,1,0,0,0,0,,
Landorus (Incarnate Forme) ,645,0,9,6,8,10,8,10,7,9,1,2,3,4,5,6,3,0,1,1,0,0,0,0,,
Landorus (Therian Forme) ,645,12,9,6,8,12,8,9,7,8,1,2,3,4,5,6,3,0,1,1,0,0,0,0,,
Kyurem (Normal Kyurem) ,646,0,18,16,10,11,8,11,8,8,1,2,3,4,5,6,3,0,1,1,0,0,0,0,,
Kyurem (Black Kyurem) ,646,13,18,16,10,14,8,10,8,8,1,2,3,4,5,6,3,0,1,1,0,0,0,0,,
Kyurem (White Kyurem) ,646,14,18,16,10,10,8,14,8,8,1,2,3,4,5,6,3,0,1,1,0,0,0,0,,
Keldeo ,647,0,3,11,8,6,8,11,8,9,1,2,3,4,5,6,3,0,1,1,0,0,0,0,,
Meloetta (Aria Forme) ,648,0,1,12,8,7,7,11,11,8,1,2,3,4,5,6,3,0,1,1,0,0,0,0,,
Meloetta (Pirouette Forme) ,648,15,1,11,8,11,8,7,7,11,1,2,3,4,5,6,3,0,1,1,0,0,0,0,,
Genesect ,649,0,7,17,6,10,8,10,8,8,1,2,3,4,5,6,3,0,1,1,0,0,0,0,,
Chespin ,650,0,4,0,5,5,6,4,4,4,1,2,3,4,5,6,3,0,1,1,0,0,0,0,,
Quilladin ,651,0,4,0,5,7,8,5,5,5,1,2,3,4,5,6,3,0,1,1,0,0,0,0,,
Chesnaught ,652,0,4,11,8,9,10,6,6,6,1,2,3,4,5,6,3,0,1,1,0,0,0,0,,
Fennekin ,653,0,2,0,4,4,4,5,5,5,1,2,3,4,5,6,3,0,1,1,0,0,0,0,,
Braixen ,654,0,2,0,5,5,5,8,6,6,1,2,3,4,5,6,3,0,1,1,0,0,0,0,,
Delphox ,655,0,2,12,6,6,6,10,8,9,1,2,3,4,5,6,3,0,1,1,0,0,0,0,,
Froakie ,656,0,3,0,4,5,4,5,4,6,1,2,3,4,5,6,3,0,1,1,0,0,0,0,,
Frogadier ,657,0,3,0,5,6,5,7,5,8,1,2,3,4,5,6,3,0,1,1,0,0,0,0,,
Greninja ,658,0,3,14,6,8,6,9,6,10,1,2,3,4,5,6,3,0,1,1,0,0,0,0,,
Bunnelby ,659,0,1,0,4,3,4,3,3,5,1,2,3,4,5,6,3,0,1,1,0,0,0,0,,
Diggersby ,660,0,1,9,7,5,7,4,7,7,1,2,3,4,5,6,3,0,1,1,0,0,0,0,,
Fletchling ,661,0,1,6,4,4,4,4,4,5,1,2,3,4,5,6,3,0,1,1,0,0,0,0,,
Fletchinder ,662,0,2,6,5,6,5,5,5,7,1,2,3,4,5,6,3,0,1,1,0,0,0,0,,
Talonflame ,663,0,2,6,7,7,6,6,6,11,1,2,3,4,5,6,3,0,1,1,0,0,0,0,,
Scatterbug ,664,0,7,0,4,3,4,3,2,3,1,2,3,4,5,6,3,0,1,1,0,0,0,0,,
Spewpa ,665,0,7,0,4,2,5,3,3,3,1,2,3,4,5,6,3,0,1,1,0,0,0,0,,
Vivillon ,666,0,7,6,7,5,4,8,4,8,1,2,3,4,5,6,3,0,1,1,0,0,0,0,,
Litleo ,667,0,2,1,5,4,5,6,5,6,1,2,3,4,5,6,3,0,1,1,0,0,0,0,,
Pyroar ,668,0,2,1,7,6,6,9,6,9,1,2,3,4,5,6,3,0,1,1,0,0,0,0,,
Flabébé ,669,0,15,0,4,4,4,5,7,4,1,2,3,4,5,6,3,0,1,1,0,0,0,0,,
Floette ,670,0,15,0,5,4,4,6,8,5,1,2,3,4,5,6,3,0,1,1,0,0,0,0,,
Florges ,671,0,15,0,7,6,6,9,13,6,1,2,3,4,5,6,3,0,1,1,0,0,0,0,,
Skiddo ,672,0,4,0,6,6,4,5,5,5,1,2,3,4,5,6,3,0,1,1,0,0,0,0,,
Gogoat ,673,0,4,0,10,8,5,8,7,6,1,2,3,4,5,6,3,0,1,1,0,0,0,0,,
Pancham ,674,0,11,0,6,7,5,4,4,4,1,2,3,4,5,6,3,0,1,1,0,0,0,0,,
Pangoro ,675,0,11,14,8,10,7,6,6,5,1,2,3,4,5,6,3,0,1,1,0,0,0,0,,
Furfrou ,676,0,1,0,6,7,5,6,8,9,1,2,3,4,5,6,3,0,1,1,0,0,0,0,,
Espurr ,677,0,12,0,5,4,5,6,5,6,1,2,3,4,5,6,3,0,1,1,0,0,0,0,,
Meowstic ,678,0,12,0,6,4,7,7,7,9,1,2,3,4,5,6,3,0,1,1,0,0,0,0,,
Honedge ,679,0,17,13,4,7,8,3,3,3,1,2,3,4,5,6,3,0,1,1,0,0,0,0,,
Doublade ,680,0,17,13,5,9,12,4,4,3,1,2,3,4,5,6,3,0,1,1,0,0,0,0,,
Aegislash (Shield Forme) ,681,0,17,13,5,4,12,4,12,5,1,2,3,4,5,6,3,0,1,1,0,0,0,0,,
Aegislash (Blade Forme) ,681,16,15,0,5,12,4,12,4,5,1,2,3,4,5,6,3,0,1,1,0,0,0,0,,
Spritzee ,682,0,15,0,7,5,5,6,6,2,1,2,3,4,5,6,3,0,1,1,0,0,0,0,,
Aromatisse ,683,0,15,0,9,6,6,8,8,3,1,2,3,4,5,6,3,0,1,1,0,0,0,0,,
Swirlix ,684,0,15,0,5,4,6,5,5,4,1,2,3,4,5,6,3,0,1,1,0,0,0,0,,
Slurpuff ,685,0,15,0,7,7,7,7,6,6,1,2,3,4,5,6,3,0,1,1,0,0,0,0,,
Inkay ,686,0,14,12,5,5,5,3,4,4,1,2,3,4,5,6,3,0,1,1,0,0,0,0,,
Malamar ,687,0,14,12,7,8,8,6,6,6,1,2,3,4,5,6,3,0,1,1,0,0,0,0,,
Binacle ,688,0,10,3,4,5,6,4,5,4,1,2,3,4,5,6,3,0,1,1,0,0,0,0,,
Barbaracle ,689,0,10,3,6,9,10,5,7,6,1,2,3,4,5,6,3,0,1,1,0,0,0,0,,
Skrelp ,690,0,8,3,4,5,5,5,5,3,1,2,3,4,5,6,3,0,1,1,0,0,0,0,,
Dragalge ,691,0,8,18,6,6,8,8,10,4,1,2,3,4,5,6,3,0,1,1,0,0,0,0,,
Clauncher ,692,0,3,0,4,5,5,5,6,4,1,2,3,4,5,6,3,0,1,1,0,0,0,0,,
Clawitzer ,693,0,3,0,6,6,8,10,8,5,1,2,3,4,5,6,3,0,1,1,0,0,0,0,,
Helioptile ,694,0,5,1,4,4,3,5,4,6,1,2,3,4,5,6,3,0,1,1,0,0,0,0,,
Heliolisk ,695,0,5,1,5,5,5,9,8,9,1,2,3,4,5,6,3,0,1,1,0,0,0,0,,
Tyrunt ,696,0,10,18,5,8,7,4,4,4,1,2,3,4,5,6,3,0,1,1,0,0,0,0,,
Tyrantrum ,697,0,10,18,7,10,10,6,5,6,1,2,3,4,5,6,3,0,1,1,0,0,0,0,,
Amaura ,698,0,10,16,7,5,4,6,6,4,1,2,3,4,5,6,3,0,1,1,0,0,0,0,,
Aurorus ,699,0,10,16,10,7,6,8,8,5,1,2,3,4,5,6,3,0,1,1,0,0,0,0,,
Sylveon ,700,0,15,0,8,6,6,9,11,5,1,2,3,4,5,6,3,0,1,1,0,0,0,0,,
Hawlucha ,701,0,11,6,7,8,6,6,6,10,1,2,3,4,5,6,3,0,1,1,0,0,0,0,,
Dedenne ,702,0,5,15,6,5,5,7,6,9,1,2,3,4,5,6,3,0,1,1,0,0,0,0,,
Carbink ,703,0,10,15,4,4,12,4,12,4,1,2,3,4,5,6,3,0,1,1,0,0,0,0,,
Goomy ,704,0,18,0,4,4,3,5,6,4,1,2,3,4,5,6,3,0,1,1,0,0,0,0,,
Sliggoo ,705,0,18,0,6,6,5,7,10,5,1,2,3,4,5,6,3,0,1,1,0,0,0,0,,
Goodra ,706,0,18,0,8,8,6,9,12,7,1,2,3,4,5,6,3,0,1,1,0,0,0,0,,
Klefki ,707,0,17,15,5,7,8,7,7,6,1,2,3,4,5,6,3,0,1,1,0,0,0,0,,
Phantump ,708,0,13,4,4,6,4,4,5,4,1,2,3,4,5,6,3,0,1,1,0,0,0,0,,
Trevenant ,709,0,13,4,7,9,7,6,7,5,1,2,3,4,5,6,3,0,1,1,0,0,0,0,,
Pumpkaboo (Small Size) ,710,0,13,4,4,6,6,4,5,5,1,2,3,4,5,6,3,0,1,1,0,0,0,0,,
Pumpkaboo (Average Size) ,710,17,13,4,4,6,6,4,5,5,1,2,3,4,5,6,3,0,1,1,0,0,0,0,,
Pumpkaboo (Large Size) ,710,18,13,4,5,6,6,4,5,4,1,2,3,4,5,6,3,0,1,1,0,0,0,0,,
Pumpkaboo (Super Size) ,710,19,13,4,5,6,6,4,5,4,1,2,3,4,5,6,3,0,1,1,0,0,0,0,,
Gourgeist (Small Size) ,711,0,13,4,5,7,10,5,6,8,1,2,3,4,5,6,3,0,1,1,0,0,0,0,,
Gourgeist (Average Size) ,711,20,13,4,6,8,10,5,6,7,1,2,3,4,5,6,3,0,1,1,0,0,0,0,,
Gourgeist (Large Size) ,711,21,13,4,6,8,10,5,6,6,1,2,3,4,5,6,3,0,1,1,0,0,0,0,,
Gourgeist (Super Size) ,711,22,13,4,7,8,10,5,6,5,1,2,3,4,5,6,3,0,1,1,0,0,0,0,,
Bergmite ,712,0,16,0,5,6,7,3,3,3,1,2,3,4,5,6,3,0,1,1,0,0,0,0,,
Avalugg ,713,0,16,0,8,10,15,4,4,3,1,2,3,4,5,6,3,0,1,1,0,0,0,0,,
Noibat ,714,0,6,18,4,3,3,4,4,5,1,2,3,4,5,6,3,0,1,1,0,0,0,0,,
Noivern ,715,0,6,18,7,6,7,8,7,10,1,2,3,4,5,6,3,0,1,1,0,0,0,0,,
Xerneas ,716,0,15,0,11,11,8,11,8,8,1,2,3,4,5,6,3,0,1,1,0,0,0,0,,
Yveltal ,717,0,14,6,11,11,8,11,8,8,1,2,3,4,5,6,3,0,1,1,0,0,0,0,,
Zygarde ,718,0,18,9,9,8,10,7,8,8,1,2,3,4,5,6,3,0,1,1,0,0,0,0,,
Diancie ,719,0,10,15,4,8,12,8,12,4,1,2,3,4,5,6,3,0,1,1,0,0,0,0,,
Diancie (Mega Diancie) ,719,23,10,15,4,13,9,13,9,9,1,2,3,4,5,6,3,0,1,1,0,0,0,0,,
Hoopa (Hoopa Confined) ,720,0,12,13,7,9,5,12,11,6,1,2,3,4,5,6,3,0,1,1,0,0,0,0,,
Hoopa (Hoopa Unbound) ,720,24,12,14,7,13,5,14,11,7,1,2,3,4,5,6,3,0,1,1,0,0,0,0,,
Volcanion ,721,0,2,3,7,9,10,11,8,6,1,2,3,4,5,6,3,0,1,1,0,0,0,0,,
